No,Keyword,Search Volume,CPC,Paid Difficulty,Search Difficulty
1,"pagina web",18100,"$5.623,16",42,36
2,"pagina web crear",9900,"$27.505,08",56,32
3,"pagina web q es",8100,"$2.035,56",9,10
4,"pagina web que es",8100,"$2.035,56",9,10
5,"pagina web gratis",2900,"$28.391,12",61,32
6,"pagina web gratuita",2900,"$28.391,12",61,32
7,"pagina web cam",1600,"$518,21",47,28
8,"pagina web bogota",1000,"$5.338,21",59,31
9,"pagina web ejemplos",590,"$3.741,84",19,19
10,"pagina web que es y para que sirve",590,"$4.206,45",10,8
11,"pagina web definicion",590,"$2.194,53",6,15
12,"página web no disponible",480,"$2.758,77",22,12
13,"pagina web en html",320,"$4.349,98",27,14
14,"pagina web html",320,"$4.349,98",27,22
15,"pagina web gratis wix",320,"$1.559,74",26,13
16,"pagina web colombia",260,"$3.758,44",74,36
17,"pagina web significado",260,"$2.697,83",12,17
18,"pagina web youtube",260,"$3.962,82",10,16
19,"pagina web normas apa",210,"$18.396,10",2,6
20,"pagina web logo",170,"$522,94",6,15
21,"pagina web con google",140,"$7.112,07",33,15
22,"pagina web google",140,"$7.112,07",33,23
23,"pagina web dinamica",140,"$4.523,79",18,19
24,"pagina web en wordpress",110,"$4.658,02",54,22
25,"pagina web wordpress",110,"$4.658,02",54,30
26,"pagina web html ejemplo",110,"$2.455,61",12,9
27,"pagina web para ver peliculas gratis",110,"$2.612,95",12,9
28,"pagina web del sena",110,"$1.214,13",11,9
29,"pagina web sena",110,"$1.214,13",11,17
30,"pagina web estatica",110,"$2.010,91",9,16
31,"pagina web apa",110,"$11.545,73",4,15
32,"pagina web gratis google",90,"$3.895,42",46,19
33,"pagina web a pdf",90,"$1.096,60",7,8
34,"pagina web barata",70,"$1.724,44",46,27
35,"pagina web claro",70,"$1.869,21",35,24
36,"pagina web avianca",70,"$511,66",31,23
37,"pagina web en wix",70,"$1.724,01",23,12
38,"pagina web exito",70,"$1.733,87",12,17
39,"pagina web wikipedia",70,"$1.123,30",9,16
40,"pagina web www.bancoagrario.gov.co",70,"$346,89",4,15
41,"pagina web png",70,"$0,00",1,13
42,"pagina web profesional",50,"$2.198,87",73,35
43,"pagina web godaddy",50,"$3.953,93",39,25
44,"pagina web sencilla",50,"$4.095,03",35,24
45,"pagina web o blog",50,"$6.395,29",25,13
46,"pagina web en ingles",50,"$3.231,99",24,13
47,"pagina web ingles",50,"$3.231,99",24,21
48,"pagina web interactiva",50,"$5.640,39",16,18
49,"pagina web de la dian",50,"$6.254,74",11,9
50,"pagina web en word",50,"$2.737,10",8,8
51,"pagina web concepto",50,"$296,32",6,15
52,"pagina web policia nacional",50,"$0,00",1,6
53,"pagina web moderna",40,"$2.639,73",41,26
54,"pagina web movistar",40,"$1.226,43",27,22
55,"pagina web personal",40,"$4.564,70",24,21
56,"pagina web institucional",40,"$6.592,82",23,20
57,"pagina web o sitio web",40,"$0,00",16,10
58,"pagina web y sitio web",40,"$0,00",16,10
59,"pagina web eficacia",40,"$0,00",11,17
60,"pagina web bloc de notas",40,"$3.716,27",9,8
61,"pagina web generacion e",40,"$5.505,90",7,8
62,"pagina web icono",40,"$0,00",6,15
63,"pagina web whatsapp",40,"$4.709,05",6,15
64,"pagina web vector",40,"$19.030,68",6,15
65,"pagina web historia",40,"$3.106,96",5,15
66,"pagina web registraduria",40,"$0,00",5,15
67,"pagina web nueva eps",40,"$1.602,58",4,7
68,"pagina web 2.0",40,"$2.155,40",3,14
69,"pagina web rama judicial",40,"$0,00",1,5
70,"pagina web online",30,"$5.181,76",43,26
71,"pagina web viva colombia",30,"$394,78",41,18
72,"pagina web basica",30,"$4.347,24",33,23
73,"pagina web informativa",30,"$5.083,06",30,22
74,"pagina web restaurante",30,"$3.150,63",29,22
75,"pagina web jimdo",30,"$2.232,54",23,20
76,"pagina web html5",30,"$6.769,82",15,18
77,"pagina web novaventa",30,"$2.376,97",14,18
78,"pagina web minimalista",30,"$853,89",11,17
79,"pagina web informatica",30,"$5.277,31",11,17
80,"pagina web del ministerio de vivienda",30,"$666,70",10,8
81,"pagina web animada",30,"$0,00",8,16
82,"pagina web sanitas",30,"$0,00",3,14
83,"pagina web de la policia",30,"$1.568,12",2,6
84,"pagina web colpensiones",30,"$0,00",1,14
85,"pagina web defensoria del pueblo",30,"$0,00",1,5
86,"pagina web secretaria de educacion",30,"$0,00",1,5
87,"pagina web abogados",20,"$969,58",58,31
88,"pagina web vaticano",20,"$3.911,67",31,23
89,"pagina web veterinaria",20,"$1.145,54",30,22
90,"pagina web fundacion",20,"$0,00",29,22
91,"pagina web de compensar",20,"$4.162,83",22,12
92,"pagina web tiendas d1",20,"$44,71",21,12
93,"pagina web quienes somos",20,"$7.123,78",19,11
94,"pagina web gratis.es.tl",20,"$3.696,04",18,19
95,"pagina web 3d",20,"$1.360,06",14,18
96,"pagina web facebook",20,"$1.679,95",13,17
97,"pagina web joomla",20,"$7.918,08",11,17
98,"pagina web compensar",20,"$2.094,27",10,17
99,"pagina web tipos",20,"$0,00",10,17
100,"pagina web y sus partes",20,"$1.365,49",9,8
101,"pagina web salud total",20,"$1.493,72",9,8
102,"pagina web del ministerio de salud",20,"$0,00",5,7
103,"pagina web positiva",20,"$0,00",4,15
104,"pagina web justo y bueno",20,"$0,00",4,7
105,"pagina web partes",20,"$0,00",4,15
106,"pagina web banco popular",20,"$0,00",3,6
107,"pagina web porvenir",20,"$0,00",2,14
108,"pagina web migracion colombia",20,"$0,00",2,6
109,"pagina web fondo nacional del ahorro",20,"$0,00",1,6
110,"pagina web sura",20,"$0,00",1,14
111,"pagina web uniminuto",20,"$0,00",1,14
112,"pagina web ventajas",20,"$0,00",1,14
113,"pagina web ministerio de vivienda",20,"$0,00",1,6
114,"pagina web del instituto geografico agustin codazzi",20,"$0,00",1,6
115,"pagina web 2018",20,"$0,00",1,13
116,"pagina web quito",10,"$2.257,32",100,44
117,"pagina web zaragoza",10,"$0,00",100,44
118,"pagina web y hosting gratis",10,"$2.929,19",66,25
119,"pagina web tienda",10,"$1.001,25",53,29
120,"pagina web nosotros",10,"$0,00",50,29
121,"pagina web facil",10,"$4.717,34",48,28
122,"pagina web matrimonio",10,"$212,18",45,27
123,"pagina web 100 gratis",10,"$10.374,06",43,18
124,"pagina web gratis en wordpress",10,"$1.827,18",43,18
125,"pagina web odontologia",10,"$1.008,67",39,25
126,"pagina web latam",10,"$435,07",35,24
127,"pagina web www.dymoriginal.com",10,"$3.075,55",31,23
128,"pagina web lectura digital",10,"$1.359,37",29,14
129,"pagina web wish",10,"$22.447,35",29,22
130,"pagina web kia",10,"$119,49",29,22
131,"pagina web olx",10,"$4.399,25",24,21
132,"pagina web homecenter",10,"$271,23",22,20
133,"pagina web etb",10,"$1.133,73",21,20
134,"pagina web une",10,"$8.987,96",21,20
135,"pagina web tiendas ara",10,"$673,30",19,11
136,"pagina web offcorss",10,"$302,11",19,19
137,"pagina web 2019",10,"$0,00",19,19
138,"pagina web nike",10,"$80,84",18,19
139,"pagina web alkosto",10,"$114,68",17,19
140,"pagina web oficial del sena",10,"$558,17",14,10
141,"pagina web tecnologia",10,"$2.595,14",14,18
142,"pagina web servientrega",10,"$96,42",14,18
143,"pagina web olimpica",10,"$29,49",14,18
144,"pagina web 123",10,"$0,00",14,18
145,"pagina web fiscalia",10,"$0,00",14,18
146,"pagina web kawasaki",10,"$0,00",14,18
147,"pagina web xampp",10,"$0,00",14,18
148,"pagina web y sitio web ejemplos",10,"$0,00",14,10
149,"pagina web kfc",10,"$1.657,82",13,17
150,"pagina web tigo",10,"$647,09",11,17
151,"pagina web lg",10,"$4.098,63",11,17
152,"pagina web universidad del bosque",10,"$0,00",10,9
153,"pagina web cafam",10,"$19.187,07",10,17
154,"pagina web negra",10,"$1.829,64",10,17
155,"pagina web netflix",10,"$1.076,32",10,16
156,"pagina web xiaomi",10,"$56,07",10,16
157,"pagina web local",10,"$0,00",10,16
158,"pagina web 4.0",10,"$0,00",7,16
159,"pagina web runt",10,"$0,00",7,16
160,"pagina web vs blog",10,"$0,00",7,8
161,"pagina web html y css",10,"$0,00",7,7
162,"pagina web 2.0 ejemplos",10,"$0,00",6,7
163,"pagina web peggo",10,"$2.681,93",6,15
164,"pagina web alcaldia de bogota",10,"$1.179,72",6,7
165,"pagina web universidad nacional",10,"$419,41",5,7
166,"pagina web gif",10,"$6.416,68",5,15
167,"pagina web a apk",10,"$0,00",5,7
168,"pagina web jep",10,"$0,00",5,15
169,"pagina web referencia apa",10,"$0,00",5,7
170,"pagina web vs redes sociales",10,"$0,00",5,7
171,"pagina web 1.0",10,"$0,00",4,15
172,"pagina web y sus caracteristicas",10,"$0,00",4,7
173,"pagina web correo 472",10,"$0,00",4,7
174,"pagina web colsubsidio",10,"$0,00",3,14
175,"pagina web medimas",10,"$0,00",3,14
176,"pagina web banco agrario",10,"$560,80",2,6
177,"pagina web zara",10,"$0,00",1,14
178,"pagina web 1&1",10,"$0,00",1,13
179,"pagina web 1and1",10,"$0,00",1,13
180,"pagina web 3.0",10,"$0,00",1,13
181,"pagina web 3m",10,"$0,00",1,13
182,"pagina web alcaldia",10,"$0,00",1,13
183,"pagina web desde 0",10,"$0,00",1,5
184,"pagina web dreamweaver 8",10,"$0,00",1,5
185,"pagina web en 5 minutos",10,"$0,00",1,5
186,"pagina web estilo windows 8",10,"$0,00",1,5
187,"pagina web fosyga",10,"$0,00",1,13
188,"pagina web grupo 5",10,"$0,00",1,5
189,"pagina web h&m",10,"$0,00",1,13
190,"pagina web html descargar",10,"$0,00",1,5
191,"pagina web junta central de contadores",10,"$0,00",1,5
192,"pagina web kiabi",10,"$0,00",1,13
193,"pagina web kompozer",10,"$0,00",1,13
194,"pagina web movilidad escolar",10,"$0,00",1,5
195,"pagina web natura",10,"$0,00",1,13
196,"pagina web queretaro",10,"$0,00",1,13
197,"pagina web tarjeta exito",10,"$0,00",1,5
198,"pagina web unad",10,"$0,00",1,13
199,"pagina web universidad distrital",10,"$0,00",1,5
200,"pagina web universidad javeriana",10,"$0,00",1,5
201,"pagina web xiaomi china",10,"$0,00",1,5
202,"pagina web xml",10,"$0,00",1,13
203,"pagina web yahoo",10,"$0,00",1,13
204,"pagina web yamaha",10,"$0,00",1,13
205,"pagina web yuya",10,"$0,00",1,13
206,"pagina web zapatos",10,"$0,00",1,13
207,"pagina web zara home",10,"$0,00",1,5
208,"pagina web 010",0,"$0,00",1,12
209,"pagina web 012",0,"$0,00",1,12
210,"pagina web 060",0,"$0,00",1,12
211,"pagina web 061",0,"$0,00",1,12
212,"pagina web 0800 mi hogar",0,"$0,00",1,4
213,"pagina web 1 millon de dolares",0,"$0,00",1,4
214,"pagina web 1.0 2.0 3.0",0,"$0,00",1,4
215,"pagina web 1.0 ejemplo",0,"$0,00",1,4
216,"pagina web 112",0,"$0,00",1,12
217,"pagina web 198",0,"$0,00",1,12
218,"pagina web 2 hombres",0,"$0,00",1,4
219,"pagina web 2 idiomas",0,"$0,00",1,4
220,"pagina web 20 minutos",0,"$0,00",1,4
221,"pagina web 2004",0,"$0,00",1,12
222,"pagina web 24 horas",0,"$0,00",1,4
223,"pagina web 29 de octubre",0,"$0,00",1,4
224,"pagina web 3 secciones",0,"$0,00",1,4
225,"pagina web 3.0 ejemplos",0,"$0,00",1,4
226,"pagina web 300 euros",0,"$0,00",1,4
227,"pagina web 311",0,"$0,00",1,12
228,"pagina web 360",0,"$0,00",1,12
229,"pagina web 365",0,"$0,00",1,12
230,"pagina web 3com",0,"$0,00",1,12
231,"pagina web 4 elementos",0,"$0,00",1,4
232,"pagina web 4 fotos 1 palabra",0,"$0,00",1,4
233,"pagina web 4-72",0,"$0,00",1,12
234,"pagina web 404 not found",0,"$0,00",1,4
235,"pagina web 47 street",0,"$0,00",1,4
236,"pagina web 472",0,"$0,00",1,12
237,"pagina web 4k",0,"$0,00",1,12
238,"pagina web 5 ejemplos",0,"$0,00",1,4
239,"pagina web 5.0",0,"$0,00",1,12
240,"pagina web 50 euros",0,"$0,00",1,4
241,"pagina web 666",0,"$0,00",1,12
242,"pagina web 6pm",0,"$0,00",1,12
243,"pagina web 700 escuelas",0,"$0,00",1,4
244,"pagina web 7tv",0,"$0,00",1,12
245,"pagina web 9 letras",0,"$0,00",1,4
246,"pagina web 911",0,"$0,00",1,12
247,"pagina web aguila 6 pnp",0,"$0,00",1,4
248,"pagina web amazon colombia",0,"$0,00",1,4
249,"pagina web apa 6",0,"$0,00",1,4
250,"pagina web años 90",0,"$0,00",1,4
251,"pagina web banco de bogota",0,"$0,00",1,4
252,"pagina web bancolombia",0,"$0,00",1,12
253,"pagina web bbva",0,"$0,00",1,12
254,"pagina web bogota beer company",0,"$0,00",1,4
255,"pagina web bootstrap 4",0,"$0,00",1,4
256,"pagina web canal 6 nicaragua",0,"$0,00",1,4
257,"pagina web canal 7",0,"$0,00",1,4
258,"pagina web canal 9",0,"$0,00",1,4
259,"pagina web cbtis 78",0,"$0,00",1,4
260,"pagina web cetis 57",0,"$0,00",1,4
261,"pagina web con puerto 8080",0,"$0,00",1,4
262,"pagina web de canal 8",0,"$0,00",1,4
263,"pagina web de las 7 maravillas del mundo",0,"$0,00",1,4
264,"pagina web de los 90",0,"$0,00",1,4
265,"pagina web de sarandi 690",0,"$0,00",1,4
266,"pagina web del colegio 9 de octubre",0,"$0,00",1,4
267,"pagina web dreamweaver 6",0,"$0,00",1,4
268,"pagina web ecu 911",0,"$0,00",1,4
269,"pagina web en 5 dias",0,"$0,00",1,4
270,"pagina web en centos 7",0,"$0,00",1,4
271,"pagina web error 500",0,"$0,00",1,4
272,"pagina web falabella",0,"$0,00",1,12
273,"pagina web famisanar",0,"$0,00",1,12
274,"pagina web flash 8",0,"$0,00",1,4
275,"pagina web forever 21 colombia",0,"$0,00",1,4
276,"pagina web frisby",0,"$0,00",1,12
277,"pagina web hoja de vida",0,"$0,00",1,4
278,"pagina web hospital san jose",0,"$0,00",1,4
279,"pagina web icbf",0,"$0,00",1,12
280,"pagina web idipron",0,"$0,00",1,12
281,"pagina web idu",0,"$0,00",1,12
282,"pagina web iphone 6",0,"$0,00",1,4
283,"pagina web isfd 809 esquel",0,"$0,00",1,4
284,"pagina web itrc",0,"$0,00",1,12
285,"pagina web j balvin",0,"$0,00",1,4
286,"pagina web jamar",0,"$0,00",1,12
287,"pagina web jazmin chebar",0,"$0,00",1,4
288,"pagina web junta nacional de calificacion de invalidez",0,"$0,00",1,4
289,"pagina web juriscoop",0,"$0,00",1,12
290,"pagina web karlos arguiñano",0,"$0,00",1,4
291,"pagina web kfc colombia",0,"$0,00",1,4
292,"pagina web kiwi",0,"$0,00",1,12
293,"pagina web kloe la maravilla",0,"$0,00",1,4
294,"pagina web ktronix",0,"$0,00",1,12
295,"pagina web la rebaja",0,"$0,00",1,4
296,"pagina web leonisa colombia",0,"$0,00",1,4
297,"pagina web liceo cultural mosquera",0,"$0,00",1,4
298,"pagina web lifemiles",0,"$0,00",1,12
299,"pagina web linea 39-85",0,"$0,00",1,4
300,"pagina web loteria de bogota",0,"$0,00",1,4
301,"pagina web mockup",0,"$0,00",1,12
302,"pagina web modelo 700",0,"$0,00",1,4
303,"pagina web mundo aventura",0,"$0,00",1,4
304,"pagina web nicolas buenaventura",0,"$0,00",1,4
305,"pagina web noticiero 90 minutos cali",0,"$0,00",1,4
306,"pagina web on vacation",0,"$0,00",1,4
307,"pagina web onac",0,"$0,00",1,12
308,"pagina web pension 65",0,"$0,00",1,4
309,"pagina web prepa 8",0,"$0,00",1,4
310,"pagina web puc",0,"$0,00",1,12
311,"pagina web que corrige ortografia",0,"$0,00",1,4
312,"pagina web que crea caras",0,"$0,00",1,4
313,"pagina web que debe contener",0,"$0,00",1,4
314,"pagina web que te dice si eres guapo",0,"$0,00",1,4
315,"pagina web radio punto 7",0,"$0,00",1,4
316,"pagina web radio studio 92",0,"$0,00",1,4
317,"pagina web ramo",0,"$0,00",1,12
318,"pagina web red servi",0,"$0,00",1,4
319,"pagina web regimen tributario especial",0,"$0,00",1,4
320,"pagina web responsive",0,"$0,00",1,12
321,"pagina web royal films",0,"$0,00",1,4
322,"pagina web secretaria de hacienda",0,"$0,00",1,4
323,"pagina web sin 902",0,"$0,00",1,4
324,"pagina web sobre lectura digital",0,"$0,00",1,4
325,"pagina web tcc",0,"$0,00",1,12
326,"pagina web tele 5",0,"$0,00",1,4
327,"pagina web teletica canal 7 costa rica",0,"$0,00",1,4
328,"pagina web transmilenio",0,"$0,00",1,12
329,"pagina web tu llave",0,"$0,00",1,4
330,"pagina web ugel 02",0,"$0,00",1,4
331,"pagina web ugel 08 cañete",0,"$0,00",1,4
332,"pagina web ugel 09 huaura",0,"$0,00",1,4
333,"pagina web ugpp",0,"$0,00",1,12
334,"pagina web uninorte",0,"$0,00",1,12
335,"pagina web universidad militar nueva granada",0,"$0,00",1,4
336,"pagina web utes 6 trujillo",0,"$0,00",1,4
337,"pagina web utf-8",0,"$0,00",1,12
338,"pagina web velez",0,"$0,00",1,12
339,"pagina web villa romana",0,"$0,00",1,4
340,"pagina web viva air colombia",0,"$0,00",1,4
341,"pagina web w radio",0,"$0,00",1,4
342,"pagina web wingo",0,"$0,00",1,12
343,"pagina web wix",0,"$0,00",1,12
344,"pagina web www.viva1a.com.co",0,"$0,00",1,12
345,"pagina web xbox",0,"$0,00",1,12
346,"pagina web xhtml",0,"$0,00",1,12
347,"pagina web xiaomi colombia",0,"$0,00",1,4
348,"pagina web xm",0,"$0,00",1,12
349,"pagina web xti",0,"$0,00",1,12
350,"pagina web xunta de galicia",0,"$0,00",1,4
351,"pagina web yopal",0,"$0,00",1,12
352,"pagina web zalando",0,"$0,00",1,12
353,"pagina web zapatillas baratas",0,"$0,00",1,4
354,"pagina web zara argentina",0,"$0,00",1,4
355,"pagina web zara colombia",0,"$0,00",1,4
356,"pagina web zoologico de cali",0,"$0,00",1,4
357,"pagina web zoom",0,"$0,00",1,12
358,"página web 4u",0,"$0,00",1,12
359,"subir pagina web 000webhost",0,"$0,00",1,4
360,"8chan pagina web",0,"$0,00",1,12
